{
  "ann_forehead_pigmentation": [
    0.5678476691246033,
    0.4929717779159546,
    0.5842180252075195,
    0.6798247694969177,
    1.4217374324798584,
    2.2534000873565674
  ],
  "ann_forehead_wrinkle": [
    1.181589961051941,
    0.7706687450408936,
    0.8360534906387329,
    0.8704023361206055,
    1.0601956844329834,
    1.0935180187225342,
    1.1875711679458618
  ],
  "ann_glabellus_wrinkle": [
    0.8301334977149963,
    0.7494418621063232,
    0.8979970812797546,
    0.9546470046043396,
    1.2590137720108032,
    1.049751877784729,
    1.2590137720108032
  ],
  "ann_l_perocular_wrinkle": [
    1.0964264869689941,
    0.8362366557121277,
    0.9320662021636963,
    0.9584684371948242,
    1.1019296646118164,
    1.0496183633804321,
    1.0252538919448853
  ],
  "ann_r_perocular_wrinkle": [
    1.1082968711853027,
    0.8379891514778137,
    0.9903371334075928,
    0.9535381197929382,
    1.0194520950317383,
    1.0347028970718384,
    1.0556832551956177
  ],
  "ann_l_cheek_pigmentation": [
    1.376914381980896,
    0.8114364743232727,
    0.8114364743232727,
    0.8063090443611145,
    0.9636499285697937,
    1.230252981185913
  ],
  "ann_l_cheek_pore": [
    1.2894206047058105,
    0.7759972214698792,
    0.6502774357795715,
    0.8587443828582764,
    1.0297024250030518,
    1.3958576917648315
  ],
  "ann_r_cheek_pigmentation": [
    1.3144129514694214,
    0.8398998975753784,
    0.8493005037307739,
    0.8261241912841797,
    0.9892960786819458,
    1.1809659004211426
  ],
  "ann_r_cheek_pore": [
    0.9773163199424744,
    0.7088263630867004,
    0.5800880193710327,
    0.7612736821174622,
    0.8609470129013062,
    2.111548900604248
  ],
  "ann_lip_dryness": [
    1.3048673868179321,
    0.8619603514671326,
    0.6895512342453003,
    0.8387529253959656,
    1.3048673868179321
  ],
  "ann_chin_sagging": [
    0.7802226543426514,
    0.8764635324478149,
    0.9645384550094604,
    0.9684117436408997,
    1.1390761137008667,
    1.2712866067886353
  ]
}